Par_ref_offre|Par_cle|Par_nom|Code_rome|Code_OGR|Libelle_metier_OGR|Description|Off_experience_duree_min|Off_experience_duree_max|Exp_cle|Exp_libelle|Dur_cle_experience|Dur_libelle_experience|Off_experience_commentaire|Qua_cle|Qua_libelle|SCN_cle|SCN_libelle|Tfm_cle_1|Tfm_libelle_1|Dfm_cle_1|Dfm_libelle_1|Dfm_exi_cle_1|Dfm_exi_libelle_1|Tfm_cle_2|Tfm_libelle_2|Dfm_cle_2|Dfm_libelle_2|Dfm_exi_cle_2|Dfm_exi_libelle_2|Lan_cle_1|Lan_libelle_1|NVL_cle_1|NVL_libelle_1|"Lan_exi_cle_1 "|"Lan_exi_libelle_1 "|Lan_cle_2|Lan_libelle_2|NVL_cle_2|NVL_libelle_2|"Lan_exi_cle_2 "|"Lan_exi_libelle_2 "|Off_salaire_min|Off_salaire_max|TSA_cle|TSA_libelle|UMO_cle|UMO_libelle|Off_salaire_nb_mois|Off_salaire_cpt_commentaire|Off_travail_hebdo_nb_hh|Off_travail_hebdo_nb_mi|THO_cle|THO_libelle|Off_THO_commentaire|NTC_cle|NTC_libelle|TCO_cle|TCO_libelle|Off_contrat_duree_MO|Off_contrat_duree_JO|Off_adr_id|Off_adr_norme|Off_adr_compl_1|Off_adr_compl_2|Off_adr_no_voie|Off_adr_nom_voie|CPO_cle|COM_cle|COM_libelle|DEP_cle|DEP_libelle|REG_cle|REG_libelle|Pay_cle|Pay_libelle|CON_cle|CON_libelle|Coordonnee_geo_loc_1|Coordonnee_geo_loc_2|PCO_cle_1|PCO_libelle_1|PCO_exi_cle_1|PCO_exi_libelle_1|PCO_cle_2|PCO_libelle_2|PCO_exi_cle_2|PCO_exi_libelle_2|Off_date_creation|Off_date_modification|OST_poste_restant_nb|Off_client_final_siret|Off_client_final_nom|Off_etab_enseigne|Par_URL_offre|Col_cle|Col_nom|Col_URL_offre
673169|FEPEM|FEPEM|K1303|15196|"Garde d'enfants à domicile"|"Recherche personne sérieuse et patiente pour garder à domicile tous les après-midi entre 13h30 et 18h30, une petite fille de 3 ans et demi."|0|2|||AN||||||||||||||||||||||||||||||||||||||||||||E1||CDI|||||||||||"non renseignée"||63||||01||||||||||||||14/06/2017||||||http://www.particulieremploi.fr/pe/espace-pe/details-offre.php?id=673169|||
673206|FEPEM|FEPEM|K1302|11255|"Assistant / Assistante de vie"|"pour accompagnement d&#39;un couple de 83 ans à domicile sur des périodes de plusieurs heures de suite par jour y compris WE.qualités humaines requises.formation par auxiliaires de vie actuelles"|5||||AN||||||||||||||||||||||||||||||||||||||||||||E1||CDI|||||||||||79221||01||||01||||||||||||||16/06/2017||||||http://www.particulieremploi.fr/pe/espace-pe/details-offre.php?id=673206|||
673234|FEPEM|FEPEM|K1303|15196|"Garde d'enfants à domicile"|"Nous recherchons une personne  parlant parfaitement anglais pour garder deux enfants anglophones et travailler à plein tps ds la limite légale le samedi compris. Véhiculée si possible. Nous déménagerons ds les environs de Croix (adresse à changer)."|5||||AN||||||||||||||||||||||||||||||||||||||||||||E1||CDI|||||||||||90030||59||||01||||||||||||||19/06/2017||||||http://www.particulieremploi.fr/pe/espace-pe/details-offre.php?id=673234|||
673236|FEPEM|FEPEM|A1203|16067|"Jardinier / Jardinière"|"Nous cherchons une personne polyvalente pour travaux dans une grande propriété.Entretien :  du parc, des champs, des bâtiments, des engins agricoles & TP, du jardin potager et du poulaillerSoins aux 4 chevauxLogement de fonction sur site possible"|2|5|||AN||||||||||||||||||||||||||||||||||||||||||||E1||CDI|||||||||||69160||69||||01||||||||||||||20/06/2017||||||http://www.particulieremploi.fr/pe/espace-pe/details-offre.php?id=673236|||
673276|FEPEM|FEPEM|K1303|15196|"Garde d'enfants à domicile"|"bonjour je recherche une personne pour garder mes 2 enfants (3 et 7 ans) de 7h à 9h pendant les vacances scolaires et le mercredi matin (faire petit déjeuné et les emmener au centre de loisir 4 km) contrat de 16h par mois"|0|2|||AN||||||||||||||||||||||||||||||||||||||||||||E1||CDI|||||||||||49126||49||||01||||||||||||||21/06/2017||||||http://www.particulieremploi.fr/pe/espace-pe/details-offre.php?id=673276|||
673278|FEPEM|FEPEM|K1303|15196|"Garde d'enfants à domicile"|"Recherche personne véhiculée pour accompagner et récupérer 2 enfants de 2 et 7 ans à l&#39;école.Horaires approximatifs matin : 7h45/9hfin d&#39;après midi : 16h15 /18h15Uniquement en période scolaire."|2|5|||AN||||||||||||||||||||||||||||||||||||||||||||E1||CDI|||||||||||"non renseignée"||01||||01||||||||||||||22/06/2017||||||http://www.particulieremploi.fr/pe/espace-pe/details-offre.php?id=673278|||
673283|FEPEM|FEPEM|K1302|15207|Garde-malade|"PERS EN FAUT ROUL DÉPENDANTE, VIE ACTIVE, CHERCHE ASSISTANT(E) DE VIE SÉRIEUX(SE) HABITANT CANNES OU ENVIRONS PR ACCOMPAGNEMENT À LA DOUCHE, TRANSFERTS WC.7JOURS/7. LA SEMAINE DE 7H30 À 9H. LE SAMEDI, DIMANCHE DE 8H À 10H."|2|5|||AN||||||||||||||||||||||||||||||||||||||||||||E1||CDI|||||||||||06029||06||||01||||||||||||||22/06/2017||||||http://www.particulieremploi.fr/pe/espace-pe/details-offre.php?id=673283|||
673302|FEPEM|FEPEM|K1304|14771|"Employé / Employée de maison"|"recherche dune personne de menage"|5||||AN||||||||||||||||||||||||||||||||||||||||||||E1||CDI|||||||||||69300||69||||01||||||||||||||23/06/2017||||||http://www.particulieremploi.fr/pe/espace-pe/details-offre.php?id=673302|||
673329|FEPEM|FEPEM|K1304|14771|"Employé / Employée de maison"|"Nous recherchons une employée de maison pour travailler chez un particulier à Ascain. 11€/H (Cesu)3H/semaine toute l&#39;année6H/semaine du 10 juillet au 18 aoûtCV à yoga.christine@laposte.net"|2|5|||AN||||||||||||||||||||||||||||||||||||||||||||E1||CDI|||||||||||64065||64||||01||||||||||||||27/06/2017||||||http://www.particulieremploi.fr/pe/espace-pe/details-offre.php?id=673329|||
673380|FEPEM|FEPEM|K1303|15196|"Garde d'enfants à domicile"|"Bonjour, je souhaiterai une baby-sitter pour  garder 3 enfants, 5,et bientôt 4 ans.  Pour les horaires, j&#39;ai un travail particulier, et pour les horaires à discuter."|2|5|||AN||||||||||||||||||||||||||||||||||||||||||||E1||CDI|||||||||||69149||69||||01||||||||||||||28/06/2017||||||http://www.particulieremploi.fr/pe/espace-pe/details-offre.php?id=673380|||
673400|FEPEM|FEPEM|K1303|15196|"Garde d'enfants à domicile"|"Nous recherchons une personne expérimentée pour notre fils de 6 ans pour le garder à notre domicile les mercredi toute la journée de 8h15 à 17h15. Si vous justifiez de formations ou diplomes spécalisées cela sera un plus."|2|5|||AN||||||||||||||||||||||||||||||||||||||||||||E1||CDI|||||||||||57576||57||||01||||||||||||||29/06/2017||||||http://www.particulieremploi.fr/pe/espace-pe/details-offre.php?id=673400|||
673402|FEPEM|FEPEM|K1303|15196|"Garde d'enfants à domicile"|"Bonjour je recherche une personne pour garder mes 2 enfants de 6h à 9h quelques matins par mois durant la période scolaire."|0|2|||AN||||||||||||||||||||||||||||||||||||||||||||E1||CDI|||||||||||82131||82||||01||||||||||||||29/06/2017||||||http://www.particulieremploi.fr/pe/espace-pe/details-offre.php?id=673402|||
673405|FEPEM|FEPEM|K1302|11255|"Assistant / Assistante de vie"|"lundi de 8 heures à 10 heuresjeudi de 8 heures à 10 heureset un weekend sur 2 (8 heures à 10 heures et le soir de 7 heures 15 à 8 heures)savoir faire une toilette dans le lit pour une personne avec handicap"|0|2|||AN||||||||||||||||||||||||||||||||||||||||||||E1||CDI|||||||||||"non renseignée"||76||||01||||||||||||||30/06/2017||||||http://www.particulieremploi.fr/pe/espace-pe/details-offre.php?id=673405|||
673422|FEPEM|FEPEM|K1303|15196|"Garde d'enfants à domicile"|"Garde d&#39;un jeune garçon avec autisme de 7 ansHoraires en période scolaire : lundi, mardi, jeudi : 16h30 à 18h30 ; mercredi et vendredi : 12h à 18h.Pendant les vacances les horaires peuvent varier."|0|2|||AN||||||||||||||||||||||||||||||||||||||||||||E1||CDI|||||||||||31572||31||||01||||||||||||||01/07/2017||||||http://www.particulieremploi.fr/pe/espace-pe/details-offre.php?id=673422|||
673442|FEPEM|FEPEM|K1303|15196|"Garde d'enfants à domicile"|"Deux familles cherchent étudiante sérieuse du quartier pour :                                              -	Accompagner 2 enfants à l’école 2 matins par semaine et aller les chercher 2 soirs à la sortie, -	Garder 1 enfant le mercredi matin,"|0|2|||AN||||||||||||||||||||||||||||||||||||||||||||E1||CDI|||||||||||69300||69||||01||||||||||||||02/07/2017||||||http://www.particulieremploi.fr/pe/espace-pe/details-offre.php?id=673442|||
673445|FEPEM|FEPEM|K1304|14771|"Employé / Employée de maison"|"Je recherche une personne pour du repassage et occasionnellement du ménage 1h à 2h par semaine."|2|5|||AN||||||||||||||||||||||||||||||||||||||||||||E1||CDI|||||||||||37261||37||||01||||||||||||||03/07/2017||||||http://www.particulieremploi.fr/pe/espace-pe/details-offre.php?id=673445|||
673454|FEPEM|FEPEM|K1303|15196|"Garde d'enfants à domicile"|"Nous cherchons pour la rentrée septembre une personne en remplacement de notre nounou qui sera en congé maternité.Nous avons 3 enfants âgés de 9 ans, 5 ans et 3 ans.Nous avons des horaires atypiques en roulement sur 2 semaines."|2|5|||AN||||||||||||||||||||||||||||||||||||||||||||E1||CDI|||||||||||37062||37||||01||||||||||||||03/07/2017||||||http://www.particulieremploi.fr/pe/espace-pe/details-offre.php?id=673454|||
673457|FEPEM|FEPEM|K1303|15196|"Garde d'enfants à domicile"|"recherche garde d&#39;enfants à domicile, 3 enfants 5 / 8 / 10 ans, proche la Roche, à partir de Septembre 2017. Aide au devoirs, accompagnement aux activités péri-scolaires, préparation au coucher / 16h-18h LMJV / 12h-18H mercredi."|2|5|||AN||||||||||||||||||||||||||||||||||||||||||||E1||CDI|||||||||||85178||85||||01||||||||||||||03/07/2017||||||http://www.particulieremploi.fr/pe/espace-pe/details-offre.php?id=673457|||
673459|FEPEM|FEPEM|K1303|15196|"Garde d'enfants à domicile"|"Recherche garde périscolaire à Neuilly sur Seine les lundi/mardi/jeudi/vendredi: 16h30 --> 19h + mercredi : 12h00 --> 18h00pour nos 2 filles de 5 et 8 ans. Vous devrez organiser le goûter, jeux et les devoirs. Merci"|2|5|||AN||||||||||||||||||||||||||||||||||||||||||||E1||CDI|||||||||||92051||92||||01||||||||||||||03/07/2017||||||http://www.particulieremploi.fr/pe/espace-pe/details-offre.php?id=673459|||
673472|FEPEM|FEPEM|K1304|14771|"Employé / Employée de maison"|"Recherche personne, appliquée, efficace et sérieuse pour ménage à domicile, 8 heures par semaine en CDI."|5||||AN||||||||||||||||||||||||||||||||||||||||||||E1||CDI|||||||||||47166||38||||01||||||||||||||04/07/2017||||||http://www.particulieremploi.fr/pe/espace-pe/details-offre.php?id=673472|||
673479|FEPEM|FEPEM|K1302|11255|"Assistant / Assistante de vie"|"Dame 88 ans à mobilité très réduite a besoin d&#39;une assistante de vie B 4 à 6h par semaine (trois fois 2h) pour ménage,courses,repas et l&#39;accompagner dans ses déplacements. Tél : 06.80.34.78.46."|2|5|||AN||||||||||||||||||||||||||||||||||||||||||||E1||CDI|||||||||||92048||92||||01||||||||||||||04/07/2017||||||http://www.particulieremploi.fr/pe/espace-pe/details-offre.php?id=673479|||
673485|FEPEM|FEPEM|K1303|15196|"Garde d'enfants à domicile"|"Je suis à la recherche d&#39;une garde à domicile pour s&#39;occuper de ma fille qui a 15 mois à partir de la mi-août. Les horaires sont de 7h à 9h et ensuite de 17h jusque 20h, du lundi au vendredi. Voiture disponible. Habitons Buschwiller. Merci"|5||||AN||||||||||||||||||||||||||||||||||||||||||||E1||CDI|||||||||||68061||68||||01||||||||||||||04/07/2017||||||http://www.particulieremploi.fr/pe/espace-pe/details-offre.php?id=673485|||
673493|FEPEM|FEPEM|I1203|38086|"Agent / Agente d'entretien travaux à domicile"|"cherche personne pour divers travaux :                -peinture......."|5||||AN||||||||||||||||||||||||||||||||||||||||||||E1||CDI|||||||||||"non renseignée"||44||||01||||||||||||||05/07/2017||||||http://www.particulieremploi.fr/pe/espace-pe/details-offre.php?id=673493|||
673503|FEPEM|FEPEM|I1203|38086|"Agent / Agente d'entretien travaux à domicile"|"Bonjour, Je souhaiterais de l&#39;aide pour assurer mon déménagement, vider le camion, monter les objets et reconduire le camion. Je vous remercie."|0|2|||AN||||||||||||||||||||||||||||||||||||||||||||E1||CDI|||||||||||65258||65||||01||||||||||||||05/07/2017||||||http://www.particulieremploi.fr/pe/espace-pe/details-offre.php?id=673503|||
673505|FEPEM|FEPEM|K2501|15212|"Gardien / Gardienne"|"couple recherche emplois gardien/gardienne, entretien intérieur et extérieur de propriété"|0|2|||AN||||||||||||||||||||||||||||||||||||||||||||E1||CDI|||||||||||55238||55||||01||||||||||||||06/07/2017||||||http://www.particulieremploi.fr/pe/espace-pe/details-offre.php?id=673505|||
673521|FEPEM|FEPEM|K1303|15196|"Garde d'enfants à domicile"|"Nous recherchons une personne de confiance, douce et organiser pour receptionner notre petit garçon de 5 ans non voyant à notre domicile. Tous les soirs de 16h45 à 18h30 ( ou  une semaine sur deux ) et réaliser quelques taches ménagères."|0|2|||AN||||||||||||||||||||||||||||||||||||||||||||E1||CDI|||||||||||23093||23||||01||||||||||||||07/07/2017||||||http://www.particulieremploi.fr/pe/espace-pe/details-offre.php?id=673521|||
673522|FEPEM|FEPEM|K1303|15196|"Garde d'enfants à domicile"|"Garde de 3 enfants 4, 6 et 8 ans. De 16h20 à 19h20 sauf le mercredi 11h20-19h20 (20h/sem).Dynamique, flexible, autonome. Capable de venir dépanner le matin ou rester plus tard le soir."|2|5|||AN||||||||||||||||||||||||||||||||||||||||||||E1||CDI|||||||||||75100||75||||01||||||||||||||07/07/2017||||||http://www.particulieremploi.fr/pe/espace-pe/details-offre.php?id=673522|||
673532|FEPEM|FEPEM|K1303|15196|"Garde d'enfants à domicile"|"Nous cherchons une personne avec expérience pour récupérer nos deux filles de 4 et 6 ans tous les mercredis de l&#39;année (hors vacances scolaires) et les amener aux activités extras scolaires. Horaires de 14h30 jusqu&#39;à 18h30. Permis exigé."|2|5|||AN||||||||||||||||||||||||||||||||||||||||||||E1||CDI|||||||||||66138||66||||01||||||||||||||08/07/2017||||||http://www.particulieremploi.fr/pe/espace-pe/details-offre.php?id=673532|||
673533|FEPEM|FEPEM|K1303|15196|"Garde d'enfants à domicile"|"BonjourJe cherche une babysitter pour ma fille de six ans qui sera en CP à la rentrée les lundis et jeudis de 16h30 à 18h45 et le mardi de 17h à 18h30 à partir du 7 septembre.M° Volontaires ou Sevres Lecourbe"|0|2|||AN||||||||||||||||||||||||||||||||||||||||||||E1||CDI|||||||||||75100||75||||01||||||||||||||08/07/2017||||||http://www.particulieremploi.fr/pe/espace-pe/details-offre.php?id=673533|||
673553|FEPEM|FEPEM|K1302|11255|"Assistant / Assistante de vie"|"Recherche Assistante pour soutenir un homme de plus de 87 ans, veuf, valide et globalement autonome pour faire :L&#39;entretien de la maison, les repas, l&#39;entretien du linge et du lien social."|2|5|||AN||||||||||||||||||||||||||||||||||||||||||||E1||CDI|||||||||||"non renseignée"||38||||01||||||||||||||10/07/2017||||||http://www.particulieremploi.fr/pe/espace-pe/details-offre.php?id=673553|||
673579|FEPEM|FEPEM|K1304|14771|"Employé / Employée de maison"|"Nous cherchons une dame pour des travaux ménagers (laver les vitres, dépoussiérer). A hauteur de 2h par jour et 3 jours par semaine (au total 6h par semaine)"|2|5|||AN||||||||||||||||||||||||||||||||||||||||||||E1||CDI|||||||||||59588||59||||01||||||||||||||11/07/2017||||||http://www.particulieremploi.fr/pe/espace-pe/details-offre.php?id=673579|||
673611|FEPEM|FEPEM|K1302|11255|"Assistant / Assistante de vie"|"Recherche personne calme et souriante pour aide aux transferts, à la préparation des repas, aux courses, aux nombreux déplacements en région et France.Horaires irréguliers en fonction des nombreuses activités associatives, entre 110 et 150 h/mois."|0|2|||AN||||||||||||||||||||||||||||||||||||||||||||E1||CDI|||||||||||26198||26||||01||||||||||||||12/07/2017||||||http://www.particulieremploi.fr/pe/espace-pe/details-offre.php?id=673611|||
673627|FEPEM|FEPEM|K1304|14771|"Employé / Employée de maison"|"Ma femme et moi recherchons une Femme ou homme de ménage pour ménage, repassage et quelques courses. Merci de nous répondre si vous êtes disponible"|0|2|||AN||||||||||||||||||||||||||||||||||||||||||||E1||CDI|||||||||||"non renseignée"||50||||01||||||||||||||13/07/2017||||||http://www.particulieremploi.fr/pe/espace-pe/details-offre.php?id=673627|||
673629|FEPEM|FEPEM|K1302|11255|"Assistant / Assistante de vie"|"recherchons pour notre père agé de 77 ans et atteint d&#39;un syndrome cerebelleux (perte mobilité et perte mémoire (parfois) une assistante de vie à domicile pour repas, promenade dans quartier et éviter les chutes"|2|5|||AN||||||||||||||||||||||||||||||||||||||||||||E1||CDI|||||||||||93008||93||||01||||||||||||||13/07/2017||||||http://www.particulieremploi.fr/pe/espace-pe/details-offre.php?id=673629|||
673648|FEPEM|FEPEM|I1203|38086|"Agent / Agente d'entretien travaux à domicile"|"Recherche personne pour fixer des toilettes sur du carrelage (Je ne possède pas les outils pour le faire)"|5||||AN||||||||||||||||||||||||||||||||||||||||||||E1||CDI|||||||||||62160||62||||01||||||||||||||16/07/2017||||||http://www.particulieremploi.fr/pe/espace-pe/details-offre.php?id=673648|||
673669|FEPEM|FEPEM|K1303|15196|"Garde d'enfants à domicile"|"je suis à la recherche d&#39;une personne de bonne moralité ayant la qualité pour éduquer et encadrer.Être disponible pour garder mes deux enfants,les laver, les faire a manger et faire quelques courses si besoin."|0|2|||AN||||||||||||||||||||||||||||||||||||||||||||E1||CDI|||||||||||63113||63||||01||||||||||||||17/07/2017||||||http://www.particulieremploi.fr/pe/espace-pe/details-offre.php?id=673669|||
673671|FEPEM|FEPEM|K1302|11255|"Assistant / Assistante de vie"|"assistante de vie dépendance, et employée familiale avec certification recherche emploi sur saint-dizier à partir du 1er septembre 2017"|2|5|||AN||||||||||||||||||||||||||||||||||||||||||||E1||CDI|||||||||||"non renseignée"||52||||01||||||||||||||17/07/2017||||||http://www.particulieremploi.fr/pe/espace-pe/details-offre.php?id=673671|||
673673|FEPEM|FEPEM|K1304|14771|"Employé / Employée de maison"|"Je recherche une personne pour effectuer 2 heures de repassage par semaine. Selon le temps restant, prévoir quelques tâches complémentaires de ménage."|0|2|||AN||||||||||||||||||||||||||||||||||||||||||||E1||CDI|||||||||||33039||33||||01||||||||||||||17/07/2017||||||http://www.particulieremploi.fr/pe/espace-pe/details-offre.php?id=673673|||
673680|FEPEM|FEPEM|K1303|15196|"Garde d'enfants à domicile"|"Nous recherchons pour la rentrée de septembre une personne de confiance pour prendre soin de nos 3 garçons de 4, 6 et 9 ans. Il faut aller les récupérer à l&#39;école à 16h45, surveiller douche, devoirs et préparer le repas."|0|2|||AN||||||||||||||||||||||||||||||||||||||||||||E1||CDI|||||||||||44215||44||||01||||||||||||||17/07/2017||||||http://www.particulieremploi.fr/pe/espace-pe/details-offre.php?id=673680|||
673688|FEPEM|FEPEM|A1203|16067|"Jardinier / Jardinière"|"Bonjour , j&#39;ai une haie de 21 m , j&#39;ai 84 ans donc j&#39;ai du mal à l&#39;entretenir"|0|2|||AN||||||||||||||||||||||||||||||||||||||||||||E1||CDI|||||||||||34302||34||||01||||||||||||||18/07/2017||||||http://www.particulieremploi.fr/pe/espace-pe/details-offre.php?id=673688|||
673694|FEPEM|FEPEM|K1303|15196|"Garde d'enfants à domicile"|"Recherche une personne pour préparer pour l&#39;école et amener 2 enfants à la garderie le matin et éventuellement les récupérer le soir. Horaires à convenir selon les horaires de l&#39;employeur."|0|2|||AN||||||||||||||||||||||||||||||||||||||||||||E1||CDI|||||||||||24294||24||||01||||||||||||||18/07/2017||||||http://www.particulieremploi.fr/pe/espace-pe/details-offre.php?id=673694|||
673716|FEPEM|FEPEM|K1303|15196|"Garde d'enfants à domicile"|"Nous recherchons une personne de confiance pour s&#39;occuper de nos 3 enfants (temps périscolaire pour les 2 de 5 ans et temps pleins pour celle de 2.5 ans). Vous aurez également en charge le ménage hebdo, la vaisselle et l&#39;entretien du linge."|2|5|||AN||||||||||||||||||||||||||||||||||||||||||||E1||CDI|||||||||||"non renseignée"||01||||01||||||||||||||20/07/2017||||||http://www.particulieremploi.fr/pe/espace-pe/details-offre.php?id=673716|||
673780|FEPEM|FEPEM|K1304|14771|"Employé / Employée de maison"|"1heures par jour promener 2chiens du lundi au vendredi dans l après midiPlaning et horaires non défini."|0|2|||AN||||||||||||||||||||||||||||||||||||||||||||E1||CDI|||||||||||31395||31||||01||||||||||||||22/07/2017||||||http://www.particulieremploi.fr/pe/espace-pe/details-offre.php?id=673780|||
673789|FEPEM|FEPEM|K1303|15196|"Garde d'enfants à domicile"|"Nous recherchons quelqu&#39;un qui garderait nos 2 enfants de 4 et 8 ans le mercredi de 8h15 à 13h15."|2|5|||AN||||||||||||||||||||||||||||||||||||||||||||E1||CDI|||||||||||47047||33||||01||||||||||||||23/07/2017||||||http://www.particulieremploi.fr/pe/espace-pe/details-offre.php?id=673789|||
673795|FEPEM|FEPEM|K1303|15196|"Garde d'enfants à domicile"|"nous recherchons quelqu&#39;un pour garder nos 2 enfants (nés en juillet 2015 et mars 2017). le mardi et le vendredi de 16h à 20h à partir de mi septembre 2017.  pour donner le gouter, jouer et commencer le diner. (nous avons aussi un chien)"|0|2|||AN||||||||||||||||||||||||||||||||||||||||||||E1||CDI|||||||||||44108||44||||01||||||||||||||24/07/2017||||||http://www.particulieremploi.fr/pe/espace-pe/details-offre.php?id=673795|||
673796|FEPEM|FEPEM|K1302|11255|"Assistant / Assistante de vie"|"PMR H 38 ans recherche auxiliaire de vie titulaire du permis B pour accompagnement loisirs à temps partiel. Une bonne présentation, sens des responsabilités et bonne humeur sont nécessaires."|0|2|||AN||||||||||||||||||||||||||||||||||||||||||||E1||CDI|||||||||||65301||34||||01||||||||||||||24/07/2017||||||http://www.particulieremploi.fr/pe/espace-pe/details-offre.php?id=673796|||
673806|FEPEM|FEPEM|K1303|15196|"Garde d'enfants à domicile"|"Bonjour, Nous recherchons pour septembre 2017 une personne pour garder deux enfants de 1 an et 2 ans. Nous souhaitons une personne patiente et dynamique qui saura éveiller les enfants. le temps sera variable en fonction des horaires en 3/8 de monsieur."|2|5|||AN||||||||||||||||||||||||||||||||||||||||||||E1||CDI|||||||||||64445||64||||01||||||||||||||25/07/2017||||||http://www.particulieremploi.fr/pe/espace-pe/details-offre.php?id=673806|||
673815|FEPEM|FEPEM|K1304|14771|"Employé / Employée de maison"|"Recherche personne compétente pour aide dans l&#39;entretien des espaces de vie et du linge"|0|2|||AN||||||||||||||||||||||||||||||||||||||||||||E1||CDI|||||||||||86155||86||||01||||||||||||||25/07/2017||||||http://www.particulieremploi.fr/pe/espace-pe/details-offre.php?id=673815|||
673820|FEPEM|FEPEM|K1303|15196|"Garde d'enfants à domicile"|"Recherche personne pour garder mes 2 filles de 6 et 9 ans à partir de septembre tous les mercredis de 9h à 17h30 à notre domicile. Aide aux devoirs souhaitée."|0|2|||AN||||||||||||||||||||||||||||||||||||||||||||E1||CDI|||||||||||85295||85||||01||||||||||||||25/07/2017||||||http://www.particulieremploi.fr/pe/espace-pe/details-offre.php?id=673820|||
673903|FEPEM|FEPEM|K1304|14771|"Employé / Employée de maison"|"Bonjour,Je recherche une aide-ménagère 4 heures de suite les mardis matin pour effectuer mon ménage et passer l&#39;aspirateur de temps en temps dans mon véhicule neuf."|0|2|||AN||||||||||||||||||||||||||||||||||||||||||||E1||CDI|||||||||||86297||86||||01||||||||||||||31/07/2017||||||http://www.particulieremploi.fr/pe/espace-pe/details-offre.php?id=673903|||
673907|FEPEM|FEPEM|K1304|14771|"Employé / Employée de maison"|"Recherche une personne sérieuse et dynamique pour aide à l&#39;entretien de la maison : dépoussiérage, nettoyage du mobilier, cuisine, sanitaires, lavage des sols, vitrerie...Horaires en semaine, à déterminer conjointement."|0|2|||AN||||||||||||||||||||||||||||||||||||||||||||E1||CDI|||||||||||03053||03||||01||||||||||||||31/07/2017||||||http://www.particulieremploi.fr/pe/espace-pe/details-offre.php?id=673907|||
673912|FEPEM|FEPEM|K1303|15196|"Garde d'enfants à domicile"|"Recherchons une employée familiale pour les lundis et vendredis de 14h à 20h et les mercredis de 9h à 17h. Nous avons 3 enfants de 11, 9 et 6 ans scolarisés à l&#39;école sœur Rosalie."|2|5|||AN||||||||||||||||||||||||||||||||||||||||||||E1||CDI|||||||||||75100||75||||01||||||||||||||31/07/2017||||||http://www.particulieremploi.fr/pe/espace-pe/details-offre.php?id=673912|||
673920|FEPEM|FEPEM|K1302|15207|Garde-malade|"Je cherche une personne de confiance pouvant accompagner mon mari quelques jours par semaine pendant mes horaires de travail: de 7h30 à 16h. Pas d&#39;expérience exigée"|0|2|||AN||||||||||||||||||||||||||||||||||||||||||||E1||CDI|||||||||||"non renseignée"||25||||01||||||||||||||01/08/2017||||||http://www.particulieremploi.fr/pe/espace-pe/details-offre.php?id=673920|||
673921|FEPEM|FEPEM|K1304|14771|"Employé / Employée de maison"|"Particulier recherche Employé(e) familial(e), Nantes Quartier DALBY/POILUSMénage, sols, repassageFiable, sérieux(se), travail soigné"|2|5|||AN||||||||||||||||||||||||||||||||||||||||||||E1||CDI|||||||||||44109||44||||01||||||||||||||01/08/2017||||||http://www.particulieremploi.fr/pe/espace-pe/details-offre.php?id=673921|||
673925|FEPEM|FEPEM|K1303|11304|"Assistant maternel / Assistante maternelle"|"Je recherche un mode de garde pour mes 2 enfants pour quelques jours ce mois-ci, le 16 18 22 23 et 25 Août."|2|5|||AN||||||||||||||||||||||||||||||||||||||||||||E1||CDI|||||||||||"non renseignée"||44||||01||||||||||||||01/08/2017||||||http://www.particulieremploi.fr/pe/espace-pe/details-offre.php?id=673925|||
673943|FEPEM|FEPEM|K1304|14771|"Employé / Employée de maison"|"Bonjour nous sommes à la recherche d une aide ménagère, pour 2 à 3 heures par semaine.A partir de septembre.Si vous êtes intéressé n&#39;hésitez pas à nous contacter."|0|2|||AN||||||||||||||||||||||||||||||||||||||||||||E1||CDI|||||||||||"non renseignée"||33||||01||||||||||||||02/08/2017||||||http://www.particulieremploi.fr/pe/espace-pe/details-offre.php?id=673943|||
673946|FEPEM|FEPEM|K1303|15196|"Garde d'enfants à domicile"|"Pour septembre nous recherchons une personne majeure,pour aller chercher deux enfants 2 et 5 ans à la crèche et Ecole.Pour les garder à notre domicile de 17h30/19h30,du mercredi au vendredi.Personne avec experience"|2|5|||AN||||||||||||||||||||||||||||||||||||||||||||E1||CDI|||||||||||"non renseignée"||92||||01||||||||||||||02/08/2017||||||http://www.particulieremploi.fr/pe/espace-pe/details-offre.php?id=673946|||
673991|FEPEM|FEPEM|K1303|15196|"Garde d'enfants à domicile"|"BESOINSGarde d&#39;un enfant de 8 ans. Le mercredi de 7 h à 19 h.  Devoirs, repas, emmener aux diverses activités. Ménage."|2|5|||AN||||||||||||||||||||||||||||||||||||||||||||E1||CDI|||||||||||57182||57||||01||||||||||||||06/08/2017||||||http://www.particulieremploi.fr/pe/espace-pe/details-offre.php?id=673991|||
673999|FEPEM|FEPEM|I1203|38086|"Agent / Agente d'entretien travaux à domicile"|"Personne sachant poser des plynthes en bois dans 3 chambres et un salonune journée (7h00)"|0|2|||AN||||||||||||||||||||||||||||||||||||||||||||E1||CDI|||||||||||59015||59||||01||||||||||||||06/08/2017||||||http://www.particulieremploi.fr/pe/espace-pe/details-offre.php?id=673999|||
674004|FEPEM|FEPEM|I1203|38086|"Agent / Agente d'entretien travaux à domicile"|"Bonjour, J&#39;ai besoin de refaire tout mon système de serrurerie au niveau de ma porte d&#39;entrée."|0|2|||AN||||||||||||||||||||||||||||||||||||||||||||E1||CDI|||||||||||59017||59||||01||||||||||||||07/08/2017||||||http://www.particulieremploi.fr/pe/espace-pe/details-offre.php?id=674004|||
674005|FEPEM|FEPEM|K1304|14771|"Employé / Employée de maison"|"Cherche personne disponible deux heures par semaine pour des travaux ménagers et de repassage dans une maison de deux chambres (100 m²)Jour et horaires à définir selon disponibilités"|0|2|||AN||||||||||||||||||||||||||||||||||||||||||||E1||CDI|||||||||||59507||59||||01||||||||||||||07/08/2017||||||http://www.particulieremploi.fr/pe/espace-pe/details-offre.php?id=674005|||
674007|FEPEM|FEPEM|K1302|11255|"Assistant / Assistante de vie"|"Personne diplômée.Présence 6 jours par semaine (5X2H et 1X3H).Planning à préciser ensemble.Classification A avec en plus parfois aide aux gestes d&#39;hygiène corporelle et habillage.Voiture indispensable pour transport (courses, piscine...)"|5||||AN||||||||||||||||||||||||||||||||||||||||||||E1||CDI|||||||||||77513||77||||01||||||||||||||07/08/2017||||||http://www.particulieremploi.fr/pe/espace-pe/details-offre.php?id=674007|||
674027|FEPEM|FEPEM|K1303|15196|"Garde d'enfants à domicile"|"Ma femme et moi recherchons urgemment une personne pour la garde de nos enfants à notre domicile.  Si vous avez les qualifications requises et que vous êtes de bonne moralité , Veuillez nous contacter."|0|2|||AN||||||||||||||||||||||||||||||||||||||||||||E1||CDI|||||||||||21231||21||||01||||||||||||||08/08/2017||||||http://www.particulieremploi.fr/pe/espace-pe/details-offre.php?id=674027|||
674062|FEPEM|FEPEM|K1302|15207|Garde-malade|"Recherche pour garde nuit semaine et WE en alternance, 21h à 8h30, aide au coucher et lever avec aide a la toilette le matin et petit dèjeuner. Chambre à disposition pour la personne intervenante, conditions de travail confortables."|0|2|||AN||||||||||||||||||||||||||||||||||||||||||||E1||CDI|||||||||||84048||46||||01||||||||||||||09/08/2017||||||http://www.particulieremploi.fr/pe/espace-pe/details-offre.php?id=674062|||
674067|FEPEM|FEPEM|K1303|15196|"Garde d'enfants à domicile"|"Bébé de 2ans et 9 mois à garder a domicile de 5h20 a 12h environ ou defois l&#39;après midi de 12h45 a 19h environ a définir avec le planning tarif a définir"|2|5|||AN||||||||||||||||||||||||||||||||||||||||||||E1||CDI|||||||||||70550||70||||01||||||||||||||09/08/2017||||||http://www.particulieremploi.fr/pe/espace-pe/details-offre.php?id=674067|||
674068|FEPEM|FEPEM|K1304|14771|"Employé / Employée de maison"|"Recherchons employée dynamique et enjouée, bon niveau d&#39;éducation, pour garde de 2 enfants (9 et 12), entretien, courses et quelques repas pour Paris 5 (métro censier, RER Port Royal). Références indispensables."|0|2|||AN||||||||||||||||||||||||||||||||||||||||||||E1||CDI|||||||||||75100||75||||01||||||||||||||10/08/2017||||||http://www.particulieremploi.fr/pe/espace-pe/details-offre.php?id=674068|||
674074|FEPEM|FEPEM|K1303|15196|"Garde d'enfants à domicile"|"Aller chercher nos enfants (2 filles et un garçon, 10, 8 et 7 ans) à la sortie de l&#39;école Antoine Charial (lyon 3) et vacances scolaires (1 semaine sur les 2 ). Planning  : lundi, mardi, vendredi à partir de 17h45, le jeudi 16H30, mercredi 12H30"|0|2|||AN||||||||||||||||||||||||||||||||||||||||||||E1||CDI|||||||||||69266||69||||01||||||||||||||10/08/2017||||||http://www.particulieremploi.fr/pe/espace-pe/details-offre.php?id=674074|||
674083|FEPEM|FEPEM|K1304|14771|"Employé / Employée de maison"|"Femme de ménage pour entretenir une maison faire le lavage et le repassage. 4 heures 3 fois dans la semaine le lundi mercredi et vendredi matin ou après-midi"|0|2|||AN||||||||||||||||||||||||||||||||||||||||||||E1||CDI|||||||||||33192||33||||01||||||||||||||11/08/2017||||||http://www.particulieremploi.fr/pe/espace-pe/details-offre.php?id=674083|||
674115|FEPEM|FEPEM|I1203|38086|"Agent / Agente d'entretien travaux à domicile"|"recherche personne sachant tailler haie"|5||||AN||||||||||||||||||||||||||||||||||||||||||||E1||CDI|||||||||||62907||62||||01||||||||||||||11/08/2017||||||http://www.particulieremploi.fr/pe/espace-pe/details-offre.php?id=674115|||
674157|FEPEM|FEPEM|K1303|15196|"Garde d'enfants à domicile"|"Je sui dynamique active et responsable"|2|5|||AN||||||||||||||||||||||||||||||||||||||||||||E1||CDI|||||||||||"non renseignée"||92||||01||||||||||||||14/08/2017||||||http://www.particulieremploi.fr/pe/espace-pe/details-offre.php?id=674157|||
674163|FEPEM|FEPEM|K1303|15196|"Garde d'enfants à domicile"|"Je n&#39;ai pas de diplôme je me suis occupée de personnes âgées quand jetait jeune"|0|2|||AN||||||||||||||||||||||||||||||||||||||||||||E1||CDI|||||||||||69266||69||||01||||||||||||||14/08/2017||||||http://www.particulieremploi.fr/pe/espace-pe/details-offre.php?id=674163|||
674198|FEPEM|FEPEM|K1303|15196|"Garde d'enfants à domicile"|"Nous sommes à la recherche d&#39;une personne ayant déjà travaillé avec des enfants, pour garder 2 petites filles de 5 et 7 ans, deux soirs par semaine après l&#39;école. De 16h45 à 18h45.A bientôt,"|2|5|||AN||||||||||||||||||||||||||||||||||||||||||||E1||CDI|||||||||||33090||33||||01||||||||||||||17/08/2017||||||http://www.particulieremploi.fr/pe/espace-pe/details-offre.php?id=674198|||
674209|FEPEM|FEPEM|K2107|18173|"Professeur / Professeure en soutien scolaire"|"Bonjour, je suis Patricia âgée de 45 ans, titulaire du BTS secrétaire bilingue, travaillant à temps partiel en tant que secrétaire, expérimentée depuis 20 ans, je propose des cours de français et anglais par chèque emploi service."|2|5|||AN||||||||||||||||||||||||||||||||||||||||||||E1||CDI|||||||||||33318||33||||01||||||||||||||18/08/2017||||||http://www.particulieremploi.fr/pe/espace-pe/details-offre.php?id=674209|||
674216|FEPEM|FEPEM|K1303|15196|"Garde d'enfants à domicile"|"Bonjour,je cherche une personne a gardé de temps en temps ma fille que le samedi"|0|2|||AN||||||||||||||||||||||||||||||||||||||||||||E1||CDI|||||||||||51172||51||||01||||||||||||||19/08/2017||||||http://www.particulieremploi.fr/pe/espace-pe/details-offre.php?id=674216|||
674240|FEPEM|FEPEM|K1304|14771|"Employé / Employée de maison"|"3 heures de ménages et repassage par semaine, pour une famille de 4 personnes et une maison de 100 m2."|2|5|||AN||||||||||||||||||||||||||||||||||||||||||||E1||CDI|||||||||||"non renseignée"||34||||01||||||||||||||20/08/2017||||||http://www.particulieremploi.fr/pe/espace-pe/details-offre.php?id=674240|||
674244|FEPEM|FEPEM|K1302|11255|"Assistant / Assistante de vie"|"Recherche aide à domicile pour garde personne âgée dans maison proche Besançon. (secteur François)  Facilité d&#39;accés et tout confort."|2|5|||AN||||||||||||||||||||||||||||||||||||||||||||E1||CDI|||||||||||25542||25||||01||||||||||||||20/08/2017||||||http://www.particulieremploi.fr/pe/espace-pe/details-offre.php?id=674244|||
674259|FEPEM|FEPEM|K1304|14771|"Employé / Employée de maison"|"Recherche employée sérieuse pour ménage,repassage à domicile. LE TEICH"|2|5|||AN||||||||||||||||||||||||||||||||||||||||||||E1||CDI|||||||||||33527||33||||01||||||||||||||21/08/2017||||||http://www.particulieremploi.fr/pe/espace-pe/details-offre.php?id=674259|||
674279|FEPEM|FEPEM|K1303|15196|"Garde d'enfants à domicile"|"Garde d&#39;enfant pour les mercredis après-midi, aller chercher une petite fille de 5 ans à la sortie de l’école à Rillieux la pape le mercredi et assurer la surveillance jusque 17h30."|0|2|||AN||||||||||||||||||||||||||||||||||||||||||||E1||CDI|||||||||||69286||69||||01||||||||||||||22/08/2017||||||http://www.particulieremploi.fr/pe/espace-pe/details-offre.php?id=674279|||
674310|FEPEM|FEPEM|K1303|11304|"Assistant maternel / Assistante maternelle"|"assistante maternelle habite dans maison avec jardon clôturé sans animaux et pas de fumeur dispose une chambre pour chaque enfants pour plus de renseignement veuillez me contacter merci"|5||||AN||||||||||||||||||||||||||||||||||||||||||||E1||CDI|||||||||||45075||45||||01||||||||||||||24/08/2017||||||http://www.particulieremploi.fr/pe/espace-pe/details-offre.php?id=674310|||
674313|FEPEM|FEPEM|K1303|15196|"Garde d'enfants à domicile"|"Bonjour, je recherche pour mon fils de 3 ans une garde à mon domicile à partir de 6h30 pour s&#39;occuper de lui et l&#39;accompagner à l&#39;école à 8h35. Ceci une semaine sur deux jusqu&#39;à fin octobre. Blandine"|0|2|||AN||||||||||||||||||||||||||||||||||||||||||||E1||CDI|||||||||||"non renseignée"||44||||01||||||||||||||24/08/2017||||||http://www.particulieremploi.fr/pe/espace-pe/details-offre.php?id=674313|||
674336|FEPEM|FEPEM|K1303|15196|"Garde d'enfants à domicile"|"cherche personne de confiance pour tenir compagnie, faire des activités balades, piscine, jeux video, discussion, musique....ect   avec jeune de 14 ans, scolarisé à la maison."|0|2|||AN||||||||||||||||||||||||||||||||||||||||||||E1||CDI|||||||||||74280||74||||01||||||||||||||24/08/2017||||||http://www.particulieremploi.fr/pe/espace-pe/details-offre.php?id=674336|||
674351|FEPEM|FEPEM|A1203|16067|"Jardinier / Jardinière"|"Je recherche pour ma résidence secondaire une personne de confiance et autonome  pour la surveillance, l&#39;entretien courant de la piscine, du jardin et de la maison. Présence hebdomadaire obligatoire. Horaires libres, 1h à 4h/semaine"|0|2|||AN||||||||||||||||||||||||||||||||||||||||||||E1||CDI|||||||||||07231||07||||01||||||||||||||25/08/2017||||||http://www.particulieremploi.fr/pe/espace-pe/details-offre.php?id=674351|||
674357|FEPEM|FEPEM|K1304|14771|"Employé / Employée de maison"|"Cherche emploi familial à mi temps (20 heures par semaine)  : entretien ménagé, repassage, cuisines occasionnelle,..."|2|5|||AN||||||||||||||||||||||||||||||||||||||||||||E1||CDI|||||||||||78624||78||||01||||||||||||||25/08/2017||||||http://www.particulieremploi.fr/pe/espace-pe/details-offre.php?id=674357|||
674365|FEPEM|FEPEM|K1304|14771|"Employé / Employée de maison"|"Recherche une personne autonome et efficace pour effectuer le ménage courant de notre maison sur plusieurs niveaux. Expérience souhaitée, mais pas indispensable. Horaires à discuter. Le salaire peut se négocier."|0|2|||AN||||||||||||||||||||||||||||||||||||||||||||E1||CDI|||||||||||"non renseignée"||74||||01||||||||||||||26/08/2017||||||http://www.particulieremploi.fr/pe/espace-pe/details-offre.php?id=674365|||
674367|FEPEM|FEPEM|K1304|14771|"Employé / Employée de maison"|"Recherche personne de ménage pour appartement duplex de 58m2, état neuf, non fumeur, avec un chat, à Saint Lunaire (ménage régulier, environ 1h-1h15 par semaine). Salaire négociable, réglé en Cesu"|2|5|||AN||||||||||||||||||||||||||||||||||||||||||||E1||CDI|||||||||||"non renseignée"||35||||01||||||||||||||26/08/2017||||||http://www.particulieremploi.fr/pe/espace-pe/details-offre.php?id=674367|||
674385|FEPEM|FEPEM|K1303|15196|"Garde d'enfants à domicile"|"Nous sommes parents de 3 enfants (3, 7 et 9 ans) et recherchons une personnes pour faire les sorties d&#39;école ainsi que la garde le mercredi toute la journée."|0|2|||AN||||||||||||||||||||||||||||||||||||||||||||E1||CDI|||||||||||92026||92||||01||||||||||||||27/08/2017||||||http://www.particulieremploi.fr/pe/espace-pe/details-offre.php?id=674385|||
674386|FEPEM|FEPEM|K1303|15196|"Garde d'enfants à domicile"|"bonjourje cherche quelqu&#39;un pour garder mon fils de 7 ans 1 lundi sur 2 de 16h15 à 17h15 sur SAINT SELVE(et en plus si possible 1 ou 2 soirs par mois mais pas indispensable)"|0|2|||AN||||||||||||||||||||||||||||||||||||||||||||E1||CDI|||||||||||"non renseignée"||33||||01||||||||||||||28/08/2017||||||http://www.particulieremploi.fr/pe/espace-pe/details-offre.php?id=674386|||
674424|FEPEM|FEPEM|K1303|15196|"Garde d'enfants à domicile"|"Nous  recherchons une garde d&#39;enfant temps plein sérieuse et expérimentée. Nous avons besoin d&#39;une personne totalement disponible et très flexible car les horaires de travail sont variables."|0|2|||AN||||||||||||||||||||||||||||||||||||||||||||E1||CDI|||||||||||13200||13||||01||||||||||||||30/08/2017||||||http://www.particulieremploi.fr/pe/espace-pe/details-offre.php?id=674424|||
674440|FEPEM|FEPEM|K1303|15196|"Garde d'enfants à domicile"|"Bonjour je suis à la recherche d&#39;une garde à domicile pour 3 enfants le mercredi midi 2h et aller chercher 2 enfants à l école et les faire manger puis 2 h les vacances scolaires exceptionnellement 2 h en plus le soir de 18 h30 à 19h30 merci"|0|2|||AN||||||||||||||||||||||||||||||||||||||||||||E1||CDI|||||||||||14341||14||||01||||||||||||||30/08/2017||||||http://www.particulieremploi.fr/pe/espace-pe/details-offre.php?id=674440|||
674453|FEPEM|FEPEM|K1304|14771|"Employé / Employée de maison"|"Nous recherchons une personne pouvant assurer l&#39;entretien de notre maison et l&#39;entretien du linge à raison de 2h par semaine de préférence le mardi, mercredi ou jeudi matin de 10h à 12h. Ces dernières modalités sont à discuter."|0|2|||AN||||||||||||||||||||||||||||||||||||||||||||E1||CDI|||||||||||44002||44||||01||||||||||||||31/08/2017||||||http://www.particulieremploi.fr/pe/espace-pe/details-offre.php?id=674453|||
674461|FEPEM|FEPEM|K1303|15196|"Garde d'enfants à domicile"|"Bonjour, Nous sommes parents de 2 enfants de 3 et 5 ans, tous les deux scolarisés en maternelle à Pomponne. Nous cherchons une personne de confiance pour aller les chercher à 16h30. Merci de nous contacter pour plus de précisions"|0|2|||AN||||||||||||||||||||||||||||||||||||||||||||E1||CDI|||||||||||77372||77||||01||||||||||||||31/08/2017||||||http://www.particulieremploi.fr/pe/espace-pe/details-offre.php?id=674461|||
674476|FEPEM|FEPEM|K1303|15196|"Garde d'enfants à domicile"|"Bonjour Je suis à la recherche d&#39;une personne sérieuse pour la garde de mes enfants en horaires atypiques 2 jours par semaine et 1 mercredi par mois.Horaire 6h30-8h15 ou 18h30-20h30Le mercredi en journée"|0|2|||AN||||||||||||||||||||||||||||||||||||||||||||E1||CDI|||||||||||54395||54||||01||||||||||||||31/08/2017||||||http://www.particulieremploi.fr/pe/espace-pe/details-offre.php?id=674476|||
674477|FEPEM|FEPEM|K1303|15196|"Garde d'enfants à domicile"|"RECHERCHONS PERSONNE DE CONFIANCE VEHICULEE POUR ALLER CHERCHER NOTRE FILLE DE 8 MOIS ET NOTRE FILS DE 7 ANS A LA CRECHE/ECOLE ET LES GARDER A NOTRE DOMICILE (bain, aide au devoir, repas...), AINSI QUE LE MERCREDI A-M (accompagnement activités sportives)"|0|2|||AN||||||||||||||||||||||||||||||||||||||||||||E1||CDI|||||||||||"non renseignée"||69||||01||||||||||||||01/09/2017||||||http://www.particulieremploi.fr/pe/espace-pe/details-offre.php?id=674477|||
674492|FEPEM|FEPEM|K1303|15196|"Garde d'enfants à domicile"|"Bonjour je recherche une nounou à domicile pour récupérer mes 2 enfants à l&#39;école le mercredi et jeudi ( 28h par mois ) ; 13ème arrondissement ;"|2|5|||AN||||||||||||||||||||||||||||||||||||||||||||E1||CDI|||||||||||13200||13||||01||||||||||||||02/09/2017||||||http://www.particulieremploi.fr/pe/espace-pe/details-offre.php?id=674492|||
674501|FEPEM|FEPEM|K1303|15196|"Garde d'enfants à domicile"|"Garde d&#39;enfant de 9 ans à domicile commune d&#39;andrezieux-boutheon bourg. Mardi, jeudi et vendredi de 16 h 30 à 19 h 30. Aller l&#39;a cherchée à l&#39;école, goûter aide aux devoirs cm1, préparation repas."|0|2|||AN||||||||||||||||||||||||||||||||||||||||||||E1||CDI|||||||||||"non renseignée"||42||||01||||||||||||||03/09/2017||||||http://www.particulieremploi.fr/pe/espace-pe/details-offre.php?id=674501|||
674505|FEPEM|FEPEM|K1303|15196|"Garde d'enfants à domicile"|"Urgent. Recherchons personne de grande confiance pour s&#39;occuper de deux enfants (3 ans et 16 mois) à leur domicile. 3 jours par semaine + 16h30-19h30 les 2 autres jours.Véhicule souhaité. Références exigées."|2|5|||AN||||||||||||||||||||||||||||||||||||||||||||E1||CDI|||||||||||78242||78||||01||||||||||||||03/09/2017||||||http://www.particulieremploi.fr/pe/espace-pe/details-offre.php?id=674505|||
674511|FEPEM|FEPEM|K1304|14771|"Employé / Employée de maison"|"Bonjour,Famille d&#39;enseignants cherche une personne ayant des références pour faire le ménage entre 3 à 4 heures par semaine. Paiement par chèque emploi service, 12 euros net par heure."|5||||AN||||||||||||||||||||||||||||||||||||||||||||E1||CDI|||||||||||77907||33||||01||||||||||||||04/09/2017||||||http://www.particulieremploi.fr/pe/espace-pe/details-offre.php?id=674511|||
674549|FEPEM|FEPEM|K1303|15196|"Garde d'enfants à domicile"|"Recherche babysitter pour notre fille de 6 ans tout au long de l&#39;année scolaire les lundis et jeudis de 16h30 à 18h00 (sortie d&#39;école) et tous les mercredis de 08h15 à 17h45 (à domicile). Non fumeur impératif."|0|2|||AN||||||||||||||||||||||||||||||||||||||||||||E1||CDI|||||||||||94041||94||||01||||||||||||||05/09/2017||||||http://www.particulieremploi.fr/pe/espace-pe/details-offre.php?id=674549|||
674564|FEPEM|FEPEM|K1302|11255|"Assistant / Assistante de vie"|"Recherche éducateur motivé pour faire faire activités sportives à une.enfant de 11 ans souffrant de troubles autistiques à domicile le mercredi de 14h à 17h et le.samedi de 9h à 12h hors.vacances scolaires. Véhicule nécessaire."|0|2|||AN||||||||||||||||||||||||||||||||||||||||||||E1||CDI|||||||||||06088||06||||01||||||||||||||05/09/2017||||||http://www.particulieremploi.fr/pe/espace-pe/details-offre.php?id=674564|||
674565|FEPEM|FEPEM|K1303|15196|"Garde d'enfants à domicile"|"recherche une personne pouvant venir à mon domicile pour s&#39;occuper de mes 2 enfants de 9 et 6ans, les envoyer à l&#39;école le matin et les ramener le soir. poste de 20h/ mois minimum, 1semaine/2matin:6h30-8h30 ou soir 18h30-21h30"|2|5|||AN||||||||||||||||||||||||||||||||||||||||||||E1||CDI|||||||||||29051||29||||01||||||||||||||05/09/2017||||||http://www.particulieremploi.fr/pe/espace-pe/details-offre.php?id=674565|||
674566|FEPEM|FEPEM|K1304|14771|"Employé / Employée de maison"|"Je suis à la recherche d&#39;une femme de ménage ponctuelle, organisée et discrète ayant de l&#39;expérience pour s&#39;occuper du ménage, de la vaisselle, la lessive, le repassage, le rangement et la cuisine sans oublier le nettoyage"|0|2|||AN||||||||||||||||||||||||||||||||||||||||||||E1||CDI|||||||||||"non renseignée"||93||||01||||||||||||||05/09/2017||||||http://www.particulieremploi.fr/pe/espace-pe/details-offre.php?id=674566|||
674575|FEPEM|FEPEM|K1304|14771|"Employé / Employée de maison"|"les lundis de 16h à 19hles vendredis 4h"|0|2|||AN||||||||||||||||||||||||||||||||||||||||||||E1||CDI|||||||||||"non renseignée"||44||||01||||||||||||||05/09/2017||||||http://www.particulieremploi.fr/pe/espace-pe/details-offre.php?id=674575|||
674599|FEPEM|FEPEM|K1302|11255|"Assistant / Assistante de vie"|"Dame en perte d&#39;autonomie a besoin d&#39;une personne pour l&#39;assister dans son quotidien les lundi et mardi après midi de 13H30 à 18H"|0|2|||AN||||||||||||||||||||||||||||||||||||||||||||E1||CDI|||||||||||30116||30||||01||||||||||||||06/09/2017||||||http://www.particulieremploi.fr/pe/espace-pe/details-offre.php?id=674599|||
674636|FEPEM|FEPEM|K1302|11255|"Assistant / Assistante de vie"|"bonjour, je suis à la recherche d&#39;un emploi comme assistante de vie, je suis une personne sérieuse, ponctuelle, souriante, respectueuse et discrète je suis diplôme, je reste à votre disposition pour plus de renseignements."|2|5|||AN||||||||||||||||||||||||||||||||||||||||||||E1||CDI|||||||||||82022||82||||01||||||||||||||08/09/2017||||||http://www.particulieremploi.fr/pe/espace-pe/details-offre.php?id=674636|||
674637|FEPEM|FEPEM|K1302|11255|"Assistant / Assistante de vie"|"Recherche une personne parlant français pour aider ma mère âgée de 85 ans à faire ses courses, voire faire les courses à sa place, 2 fois 2 heures par semaine, Saint-Denis Centre"|2|5|||AN||||||||||||||||||||||||||||||||||||||||||||E1||CDI|||||||||||"non renseignée"||93||||01||||||||||||||08/09/2017||||||http://www.particulieremploi.fr/pe/espace-pe/details-offre.php?id=674637|||
674645|FEPEM|FEPEM|K1304|14771|"Employé / Employée de maison"|"Cherche aide ménagère pour entretien maison 3 heures le vendredi après-midi sur Saïx 81710"|0|2|||AN||||||||||||||||||||||||||||||||||||||||||||E1||CDI|||||||||||86250||81||||01||||||||||||||08/09/2017||||||http://www.particulieremploi.fr/pe/espace-pe/details-offre.php?id=674645|||
674648|FEPEM|FEPEM|K1304|14771|"Employé / Employée de maison"|"Bonjour, Je recherche une personne pour faire le ménage dans une maison. Travail bien fait, bonne humeur, honnêteté sont les maitres mots de la personne que je rechercher"|0|2|||AN||||||||||||||||||||||||||||||||||||||||||||E1||CDI|||||||||||34172||34||||01||||||||||||||09/09/2017||||||http://www.particulieremploi.fr/pe/espace-pe/details-offre.php?id=674648|||
674652|FEPEM|FEPEM|K1303|15196|"Garde d'enfants à domicile"|"Recherche nourrice gentille, douce et ponctuelle35h par mois2 matinées sur une semaine, 3 matinées sur l&#39;autre8h30-12h"|2|5|||AN||||||||||||||||||||||||||||||||||||||||||||E1||CDI|||||||||||83099||83||||01||||||||||||||09/09/2017||||||http://www.particulieremploi.fr/pe/espace-pe/details-offre.php?id=674652|||
674663|FEPEM|FEPEM|K1304|14771|"Employé / Employée de maison"|"je recherche un emploi de 3 heures par semaine le jeudi après midi de 14 h  à 17 h pour le repassage à domicile sur Toulon. J accepte les cesus."|5||||AN||||||||||||||||||||||||||||||||||||||||||||E1||CDI|||||||||||83137||83||||01||||||||||||||10/09/2017||||||http://www.particulieremploi.fr/pe/espace-pe/details-offre.php?id=674663|||
674668|FEPEM|FEPEM|K1303|15196|"Garde d'enfants à domicile"|"Bonjour je recherche un baby sitter pour Lola 8 ans tous les jeudis et vendredi de 16 h a 19h30 et le mercredi de 14h à 19h.Heures de ménage supplémentaire possible si intérêt."|0|2|||AN||||||||||||||||||||||||||||||||||||||||||||E1||CDI|||||||||||69266||69||||01||||||||||||||10/09/2017||||||http://www.particulieremploi.fr/pe/espace-pe/details-offre.php?id=674668|||
674669|FEPEM|FEPEM|K1304|14771|"Employé / Employée de maison"|"Missions confiées : Présence et garde de nos enfants;Aide aux devoirs;préparation des repas;entretien du linge et de la maison.Horaires: 14 h – 19H 30 les lundi, mardi, jeudi, vendredi; 11H30 – 19H le mercredi Le permis B serait un PLUS."|2|5|||AN||||||||||||||||||||||||||||||||||||||||||||E1||CDI|||||||||||94015||94||||01||||||||||||||10/09/2017||||||http://www.particulieremploi.fr/pe/espace-pe/details-offre.php?id=674669|||
674679|FEPEM|FEPEM|K1304|14771|"Employé / Employée de maison"|"9h00/16h00 J&#39;ai le titre professionnel assistante de vie aux familles.Je suis motivée,dynamique,souriante et a l&#39;écoute."|2|5|||AN||||||||||||||||||||||||||||||||||||||||||||E1||CDI|||||||||||50099||50||||01||||||||||||||11/09/2017||||||http://www.particulieremploi.fr/pe/espace-pe/details-offre.php?id=674679|||
674694|FEPEM|FEPEM|K1304|14771|"Employé / Employée de maison"|"Je recherche une jeune femme sérieuse et ponctuelle non fumeuse expérimentée pour le ménage au moins trois fois par semaine car je suis très exigeant concernant la propreté de mon appartement ."|0|2|||AN||||||||||||||||||||||||||||||||||||||||||||E1||CDI|||||||||||92024||92||||01||||||||||||||11/09/2017||||||http://www.particulieremploi.fr/pe/espace-pe/details-offre.php?id=674694|||
